Date,Open,High,Low,Last,Close,Total Trade Quantity,Turnover (Lacs)
2017-03-21,600.0,648.9,558.3,647.8,641.6,85728445.0,520525.86
2017-03-22,641.55,657.45,625.1,636.95,638.55,15817671.0,101871.3
2017-03-23,637.9,648.0,628.15,635.0,634.85,4690121.0,29981.02
2017-03-24,635.45,640.45,612.6,615.25,616.9,4865013.0,30217.74
2017-03-27,615.0,623.0,602.35,617.05,614.4,3535098.0,21673.47
2017-03-28,617.2,633.4,615.1,626.0,628.8,2981122.0,18684.63
2017-03-29,632.9,637.0,622.4,624.0,628.25,2407007.0,15206.03
2017-03-30,624.2,635.0,622.2,634.95,631.85,1324054.0,8340.1
2017-03-31,634.4,652.3,630.0,637.3,637.85,2075789.0,13284.5
2017-04-03,638.0,643.0,633.0,635.0,634.25,992545.0,6321.57
2017-04-05,636.0,645.1,628.3,633.0,632.15,820437.0,5213.47
2017-04-06,632.0,668.4,630.2,663.9,664.4,5166823.0,33814.65
2017-04-07,665.9,761.35,664.0,758.9,751.2,16504569.0,119282.3
2017-04-10,769.0,806.9,759.05,777.7,774.1,14333464.0,113101.52
2017-04-11,778.9,791.1,768.35,778.0,778.55,4283589.0,33417.27
2017-04-12,779.0,782.9,755.0,758.0,762.2,2435513.0,18662.78
2017-04-13,756.9,806.9,756.0,780.5,783.25,6262741.0,49382.95
2017-04-17,785.9,789.7,766.6,773.75,774.05,2786771.0,21579.81
2017-04-18,774.9,774.9,725.1,732.0,730.15,4750180.0,35162.63
2017-04-19,735.0,752.0,722.0,736.0,732.8,2052184.0,15118.01
2017-04-20,740.0,765.0,732.4,753.45,756.3,3218061.0,24194.35
2017-04-21,760.0,765.0,739.0,742.5,743.2,1237439.0,9294.14
2017-04-24,748.0,748.0,724.15,725.2,726.3,1249610.0,9162.24
2017-04-25,731.0,739.9,721.15,735.0,734.8,1519949.0,11137.63
2017-04-26,736.45,753.95,731.0,746.0,747.9,2080565.0,15547.58
2017-04-27,749.0,749.7,736.1,739.25,740.1,614735.0,4554.68
2017-04-28,743.85,747.0,735.0,736.15,736.5,516172.0,3815.39
2017-05-02,737.25,762.9,737.25,749.65,752.3,1808851.0,13574.34
2017-05-03,753.0,762.0,746.8,758.5,756.85,1083002.0,8173.87
2017-05-04,762.2,793.0,762.2,772.0,773.25,2607954.0,20350.31
2017-05-05,778.0,814.4,766.1,806.55,808.9,4332891.0,34494.18
2017-05-08,823.65,824.5,770.2,780.05,780.15,3972924.0,31320.69
2017-05-09,782.9,793.0,775.6,780.0,780.05,1199297.0,9391.61
2017-05-10,781.9,795.0,780.0,789.0,790.85,1251054.0,9859.8
2017-05-11,789.7,790.5,756.0,763.0,761.8,1038372.0,8034.77
2017-05-12,763.9,768.0,736.7,752.8,751.8,1137225.0,8582.28
2017-05-15,755.5,761.45,744.0,750.2,752.15,617269.0,4650.2
2017-05-16,752.1,757.9,741.0,751.4,750.4,600525.0,4506.43
2017-05-17,751.7,756.9,742.9,743.65,744.9,458274.0,3431.67
2017-05-18,739.95,748.0,724.5,730.0,727.45,698857.0,5154.05
2017-05-19,730.0,738.65,713.65,726.95,722.9,686573.0,4977.94
2017-05-22,729.4,734.5,720.1,721.0,721.55,361363.0,2617.09
2017-05-23,724.95,725.0,691.55,708.0,708.4,1362902.0,9644.49
2017-05-24,710.4,722.9,701.0,715.05,714.2,748251.0,5283.91
2017-05-25,720.0,720.0,705.5,712.55,712.4,508214.0,3623.27
2017-05-26,714.0,732.0,709.45,713.0,714.9,790476.0,5682.85
2017-05-29,715.0,719.75,710.0,715.0,714.8,307830.0,2198.7
2017-05-30,715.0,742.85,710.0,729.1,727.85,912185.0,6663.2
2017-05-31,731.8,750.8,726.4,749.0,745.15,883930.0,6570.54
2017-06-01,749.9,782.0,745.0,781.0,776.85,1557053.0,11979.17
2017-06-02,783.85,794.6,776.85,779.5,779.65,738963.0,5802.99
2017-06-05,782.7,811.0,775.3,793.0,789.75,1662267.0,13215.0
2017-06-06,792.8,800.5,772.55,776.0,775.35,761302.0,5964.91
2017-06-07,777.0,784.5,771.25,775.0,774.3,335268.0,2603.73
2017-06-08,776.95,799.8,768.05,788.1,790.25,1170440.0,9237.94
2017-06-09,789.95,811.0,783.15,802.0,802.35,1485266.0,11908.66
2017-06-12,804.0,823.0,797.0,806.0,804.1,1211793.0,9837.61
2017-06-13,807.7,815.0,795.1,799.8,798.65,679152.0,5471.01
2017-06-14,802.0,807.0,792.0,799.8,798.55,406225.0,3246.97
2017-06-15,800.0,807.0,793.0,799.4,797.95,376579.0,3011.79
2017-06-16,802.4,812.0,796.95,801.5,800.1,579782.0,4658.86
2017-06-19,804.8,806.25,791.0,796.0,796.4,302416.0,2419.42
2017-06-20,796.0,836.7,796.0,824.5,822.05,1759720.0,14393.26
2017-06-21,825.8,838.8,813.3,815.4,817.8,1466750.0,12110.55
2017-06-22,819.95,824.0,800.0,802.5,803.9,674073.0,5489.2
2017-06-23,805.8,809.25,789.8,803.9,801.6,799811.0,6387.25
2017-06-27,803.9,807.0,794.7,804.0,804.6,472470.0,3785.54
2017-06-28,802.4,822.9,797.0,820.65,818.05,842867.0,6847.64
2017-06-29,825.0,826.45,813.0,815.0,815.5,443572.0,3634.32
2017-06-30,810.9,820.0,805.0,809.5,815.1,365653.0,2974.11
2017-07-03,811.6,847.9,808.0,839.7,840.05,1577531.0,13186.23
2017-07-04,843.0,843.0,829.0,836.25,836.2,590080.0,4930.61
2017-07-05,834.9,854.95,830.85,845.0,846.05,795100.0,6732.25
2017-07-06,847.55,909.0,847.55,879.1,880.3,3412326.0,30159.01
2017-07-07,882.8,910.0,882.0,895.0,895.45,2129887.0,19129.75
2017-07-10,940.2,944.0,900.0,942.2,934.6,646394.0,5998.23
2017-07-11,946.0,954.9,907.5,911.0,913.95,1185183.0,11063.0
2017-07-12,914.0,934.4,905.0,909.15,910.3,1206562.0,11086.95
2017-07-13,915.0,933.7,910.25,911.5,915.15,1139296.0,10498.88
2017-07-14,920.0,921.9,872.5,890.0,891.35,1325017.0,11871.18
2017-07-17,894.9,917.7,886.05,913.5,911.7,951306.0,8612.74
2017-07-18,908.9,920.0,901.05,913.0,910.65,509382.0,4643.4
2017-07-19,914.2,924.95,907.45,911.1,911.7,524342.0,4811.98
2017-07-20,914.8,918.8,905.1,908.0,909.2,504126.0,4593.02
2017-07-21,912.5,921.0,907.0,914.0,914.75,648124.0,5931.21
2017-07-24,937.0,964.0,911.0,912.95,916.55,2518684.0,23572.33
2017-07-25,917.5,933.3,905.65,929.25,925.65,1018767.0,9369.95
2017-07-26,930.0,932.9,893.0,906.0,909.6,1512281.0,13747.13
2017-07-27,907.9,915.0,892.4,894.5,896.9,534158.0,4826.96
2017-07-28,894.0,908.0,888.1,898.0,898.55,501864.0,4515.82
2017-07-31,904.0,925.5,897.0,920.4,919.7,925153.0,8455.18
2017-08-01,921.0,930.0,913.1,914.0,916.05,388020.0,3570.15
2017-08-02,914.5,919.0,902.25,903.75,906.8,230945.0,2103.26
2017-08-03,905.95,909.9,895.0,897.05,898.1,242241.0,2187.09
2017-08-04,898.9,922.4,894.25,920.0,911.35,649179.0,5891.31
2017-08-07,921.0,933.0,915.0,922.1,923.8,418558.0,3870.56
2017-08-08,923.0,927.65,900.0,901.0,902.3,372966.0,3391.99
2017-08-09,901.0,910.9,882.4,888.0,889.25,358608.0,3213.76
2017-08-10,888.8,894.85,871.1,885.0,880.8,359649.0,3175.21
2017-08-11,867.9,903.4,860.0,890.0,890.1,495041.0,4362.43
2017-08-14,899.85,911.55,892.0,899.2,902.45,262198.0,2366.52
2017-08-16,903.9,917.45,903.0,905.5,907.8,241073.0,2191.97
2017-08-17,909.95,941.8,906.3,922.0,920.8,674395.0,6245.45
2017-08-18,917.2,931.8,908.0,924.0,926.25,401717.0,3692.8
2017-08-21,929.85,948.9,923.15,930.0,927.1,693305.0,6498.01
2017-08-22,937.0,968.0,932.0,968.0,958.05,1103036.0,10482.12
2017-08-23,977.0,999.0,967.55,985.0,989.5,2107260.0,20828.29
2017-08-24,990.8,1019.0,986.0,992.3,994.6,1441084.0,14461.56
2017-08-28,999.5,1057.0,990.2,1052.9,1046.15,1489836.0,15290.58
2017-08-29,1049.0,1068.2,1026.0,1036.65,1032.85,1703113.0,17877.92
2017-08-30,1044.9,1059.0,1041.5,1050.0,1050.9,599048.0,6299.75
2017-08-31,1055.8,1055.8,1032.0,1042.5,1039.8,495126.0,5148.49
2017-09-01,1045.8,1054.0,1037.0,1044.0,1048.4,338544.0,3537.64
2017-09-04,1045.0,1049.35,1007.4,1025.0,1020.65,498521.0,5106.24
2017-09-05,1026.0,1094.7,1026.0,1074.95,1077.7,1667985.0,17819.78
2017-09-06,1067.0,1103.0,1061.05,1064.0,1066.6,1476806.0,15930.56
2017-09-07,1071.0,1090.0,1070.0,1074.1,1076.2,510790.0,5514.7
2017-09-08,1081.6,1088.0,1055.0,1070.0,1070.85,503514.0,5402.47
2017-09-11,1079.95,1099.0,1060.25,1089.7,1088.8,698741.0,7591.58
2017-09-12,1096.0,1099.0,1085.0,1089.3,1088.45,379312.0,4137.32
2017-09-13,1095.0,1113.3,1085.0,1091.5,1091.5,677114.0,7445.57
2017-09-14,1093.0,1104.9,1080.4,1090.0,1089.75,360997.0,3943.09
2017-09-15,1103.35,1119.8,1080.1,1084.0,1087.75,1564001.0,17118.98
2017-09-18,1092.5,1099.0,1086.9,1089.55,1089.5,360118.0,3933.34
2017-09-19,1089.55,1094.95,1073.05,1076.1,1077.55,297636.0,3217.71
2017-09-20,1080.5,1094.0,1070.4,1084.5,1084.75,342872.0,3710.93
2017-09-21,1085.0,1088.0,1065.0,1068.5,1069.05,281126.0,3023.12
2017-09-22,1067.95,1067.95,1028.8,1039.2,1039.15,367612.0,3851.81
2017-09-25,1042.0,1047.6,982.05,1037.8,1029.0,541800.0,5474.33
2017-09-26,1060.5,1218.0,1054.25,1107.0,1116.05,6738985.0,77201.65
2017-09-27,1116.0,1153.6,1069.05,1075.15,1076.75,2905722.0,32478.29
2017-09-28,1077.75,1087.0,1021.3,1037.85,1043.95,1545452.0,16269.5
2017-09-29,1049.25,1094.8,1048.9,1086.0,1078.45,1633060.0,17593.97
2017-10-03,1095.45,1109.65,1078.8,1102.0,1100.95,903689.0,9884.74
2017-10-04,1107.5,1128.7,1087.85,1098.0,1099.35,1449647.0,16023.75
2017-10-05,1105.0,1118.0,1092.35,1108.0,1104.0,1044277.0,11544.16
2017-10-06,1110.0,1120.0,1100.0,1106.0,1105.25,635948.0,7063.87
2017-10-09,1108.5,1126.8,1105.05,1116.4,1116.75,773906.0,8642.1
2017-10-10,1124.4,1202.9,1120.1,1193.0,1184.65,3365543.0,39374.67
2017-10-11,1201.0,1244.0,1190.0,1222.9,1213.1,2717138.0,33201.3
2017-10-12,1234.0,1279.8,1223.0,1279.8,1268.65,2057518.0,25679.69
2017-10-13,1285.0,1288.65,1220.0,1234.65,1229.9,2507878.0,31330.84
2017-10-16,1250.0,1275.0,1225.05,1237.0,1232.45,2410127.0,30067.75
2017-10-17,1234.0,1241.55,1210.0,1221.8,1220.0,793647.0,9724.75
2017-10-18,1217.4,1225.45,1132.15,1161.0,1159.7,2368299.0,27773.92
2017-10-19,1165.0,1177.7,1162.0,1165.1,1167.4,340842.0,3985.21
2017-10-23,1170.0,1175.0,1117.1,1127.0,1126.4,1135187.0,12823.88
2017-10-24,1127.0,1148.5,1085.5,1091.3,1092.9,1475872.0,16400.7
2017-10-25,1100.0,1160.0,1070.7,1155.0,1143.7,1641798.0,18293.55
2017-10-26,1160.5,1170.0,1132.55,1142.05,1143.1,868267.0,9998.25
2017-10-27,1148.5,1153.4,1132.55,1138.0,1136.2,432640.0,4931.78
2017-10-30,1144.0,1164.8,1144.0,1147.9,1147.9,502967.0,5798.48
2017-10-31,1155.0,1155.0,1135.0,1139.95,1140.6,280071.0,3204.16
2017-11-01,1146.0,1168.0,1135.05,1149.5,1151.8,625587.0,7181.78
2017-11-02,1149.0,1159.8,1140.55,1148.75,1149.45,320292.0,3683.6
2017-11-03,1151.9,1152.9,1122.4,1126.1,1129.15,281650.0,3205.0
2017-11-06,1129.0,1140.4,1119.0,1127.5,1125.5,322646.0,3639.86
2017-11-07,1129.95,1132.05,1095.0,1100.0,1100.2,507726.0,5627.05
2017-11-08,1108.8,1133.0,1078.0,1105.0,1098.05,568189.0,6316.68
2017-11-09,1106.95,1132.0,1106.1,1120.0,1122.2,429197.0,4804.09
2017-11-10,1122.0,1170.0,1115.0,1166.8,1159.65,895299.0,10272.61
2017-11-13,1166.0,1179.95,1156.15,1160.3,1160.95,593853.0,6944.91
2017-11-14,1162.9,1164.0,1118.0,1122.15,1122.15,546437.0,6190.28
2017-11-15,1122.8,1122.8,1093.05,1098.0,1098.4,452771.0,4998.88
2017-11-16,1103.2,1123.0,1103.2,1114.0,1112.6,320691.0,3572.15
2017-11-17,1120.2,1131.8,1098.05,1108.0,1106.05,627174.0,6954.64
2017-11-20,1110.0,1118.9,1103.35,1105.95,1106.15,189756.0,2104.53
2017-11-21,1110.1,1124.8,1105.35,1109.0,1112.3,396018.0,4414.14
2017-11-22,1115.1,1143.9,1115.1,1138.5,1137.8,630300.0,7137.69
2017-11-23,1143.4,1156.0,1131.0,1146.3,1146.3,578321.0,6629.44
2017-11-24,1152.0,1163.0,1145.1,1147.0,1149.9,500452.0,5777.38
2017-11-27,1140.1,1149.0,1122.4,1129.0,1129.85,217757.0,2470.93
2017-11-28,1133.8,1141.1,1115.0,1140.0,1128.25,248227.0,2804.77
2017-11-29,1138.0,1147.0,1122.85,1124.0,1125.55,235348.0,2663.05
2017-11-30,1124.0,1157.7,1110.85,1113.0,1118.1,482312.0,5453.88
2017-12-01,1123.8,1139.0,1110.0,1116.05,1114.4,311788.0,3514.71
2017-12-04,1119.8,1161.0,1093.0,1155.0,1150.7,865823.0,9786.86
2017-12-05,1155.6,1160.0,1126.6,1131.2,1133.35,466932.0,5327.01
2017-12-06,1129.7,1139.0,1111.0,1120.0,1123.95,325570.0,3661.48
2017-12-07,1125.0,1178.0,1124.5,1146.0,1142.4,3369105.0,38412.44
2017-12-08,1145.1,1162.0,1128.0,1130.0,1132.55,668356.0,7631.13
2017-12-11,1138.0,1143.9,1121.0,1127.0,1127.4,353164.0,3992.94
2017-12-12,1130.4,1130.8,1113.6,1114.85,1115.75,364243.0,4087.2
2017-12-13,1115.0,1131.7,1103.0,1110.0,1108.0,385231.0,4304.3
2017-12-14,1115.0,1118.0,1096.25,1104.5,1104.2,467433.0,5159.65
2017-12-15,1114.95,1129.9,1102.35,1121.5,1121.8,484592.0,5410.34
2017-12-18,1109.0,1139.0,1083.0,1137.0,1135.25,506810.0,5701.93
2017-12-19,1137.05,1150.0,1125.0,1143.5,1146.0,376958.0,4294.84
2017-12-20,1146.0,1158.6,1136.05,1143.0,1143.0,306343.0,3515.47
2017-12-21,1140.0,1160.0,1140.0,1154.0,1155.6,430141.0,4949.37
2017-12-22,1157.8,1171.5,1146.6,1150.0,1151.1,401234.0,4640.91
2017-12-26,1150.0,1157.0,1144.25,1150.0,1150.15,231395.0,2659.37
2017-12-27,1151.0,1169.0,1140.2,1143.0,1146.35,298298.0,3447.77
2017-12-28,1147.35,1158.0,1142.0,1150.05,1148.35,208198.0,2393.6
2017-12-29,1148.0,1194.45,1148.0,1178.5,1181.35,1033292.0,12163.8
2018-01-01,1188.3,1193.25,1166.0,1172.5,1170.5,334392.0,3951.56
2018-01-02,1173.7,1178.2,1155.6,1160.7,1160.0,302709.0,3525.63
2018-01-03,1162.7,1204.4,1160.0,1184.0,1184.55,580610.0,6879.72
2018-01-04,1187.85,1215.0,1186.0,1199.5,1203.1,707905.0,8527.13
2018-01-05,1210.1,1268.0,1208.55,1243.0,1243.4,1244328.0,15462.06
2018-01-08,1250.0,1259.95,1222.0,1225.0,1226.8,520902.0,6451.55
2018-01-09,1232.95,1246.0,1212.7,1231.0,1234.1,479684.0,5909.17
2018-01-10,1245.05,1283.9,1230.0,1249.0,1249.3,849877.0,10683.09
2018-01-11,1254.0,1274.5,1238.0,1247.0,1245.5,489609.0,6148.98
2018-01-12,1250.1,1260.0,1226.55,1237.0,1234.6,439434.0,5471.1
2018-01-15,1236.9,1245.0,1224.0,1225.1,1228.85,283764.0,3506.78
2018-01-16,1232.8,1237.95,1152.0,1186.5,1187.0,409503.0,4925.26
2018-01-17,1183.0,1189.0,1159.0,1164.0,1167.35,518237.0,6054.96
2018-01-18,1175.0,1180.0,1126.6,1135.0,1135.45,471953.0,5439.53
2018-01-19,1138.8,1154.0,1126.0,1144.4,1144.35,240807.0,2753.16
2018-01-22,1149.0,1186.7,1147.05,1179.0,1176.3,487998.0,5720.29
2018-01-23,1182.0,1190.0,1161.6,1166.25,1169.2,301434.0,3546.58
2018-01-24,1170.0,1174.8,1130.4,1147.0,1142.15,396369.0,4572.51
2018-01-25,1150.0,1174.35,1140.2,1166.0,1159.3,553178.0,6430.16
2018-01-29,1200.0,1263.8,1175.0,1179.0,1181.9,3086852.0,37615.52
2018-01-30,1180.7,1212.6,1150.0,1183.35,1184.6,992399.0,11721.44
2018-01-31,1180.0,1210.0,1172.05,1179.5,1179.65,750588.0,8946.79
2018-02-01,1185.0,1205.9,1167.0,1176.5,1174.3,477292.0,5656.32
2018-02-02,1162.8,1165.0,1108.0,1134.0,1135.1,595510.0,6802.75
2018-02-05,1122.05,1134.5,1081.35,1119.0,1117.3,544060.0,6051.8
2018-02-06,1075.0,1119.0,1060.1,1105.15,1105.7,706200.0,7724.17
2018-02-07,1127.8,1134.7,1120.0,1120.4,1122.65,267181.0,3005.2
2018-02-08,1129.0,1174.0,1125.05,1174.0,1165.55,493415.0,5706.26
2018-02-09,1149.95,1195.0,1130.0,1180.0,1177.8,469818.0,5505.96
2018-02-12,1189.0,1199.5,1180.05,1185.4,1187.2,241765.0,2875.92
2018-02-14,1196.6,1208.25,1182.1,1193.0,1201.4,426463.0,5098.42
2018-02-15,1206.95,1207.0,1180.45,1184.05,1183.95,269802.0,3215.75
2018-02-16,1188.8,1191.3,1170.1,1174.0,1173.5,199767.0,2350.62
2018-02-19,1179.0,1179.0,1162.0,1170.0,1168.9,224464.0,2621.11
2018-02-20,1174.8,1189.7,1165.2,1185.0,1186.8,293782.0,3466.4
2018-02-21,1191.8,1251.0,1182.3,1248.0,1237.8,1209483.0,14745.91
2018-02-22,1244.7,1257.0,1225.2,1240.0,1240.65,559675.0,6942.99
2018-02-23,1250.0,1306.0,1250.0,1301.4,1300.25,1724635.0,22193.22
2018-02-26,1312.0,1327.35,1286.1,1291.2,1291.2,856069.0,11199.57
2018-02-27,1291.2,1369.0,1286.0,1367.0,1354.7,1794604.0,23982.26
2018-02-28,1354.0,1387.0,1330.5,1352.0,1348.15,1695261.0,23114.42
2018-03-01,1353.1,1365.5,1305.05,1312.0,1314.25,801383.0,10660.48
2018-03-05,1309.5,1338.0,1290.1,1312.1,1314.3,698817.0,9162.79
2018-03-06,1320.0,1365.1,1312.2,1326.0,1327.15,1162430.0,15633.67
2018-03-07,1325.0,1332.85,1287.25,1302.5,1298.8,620343.0,8145.34
2018-03-08,1313.15,1325.0,1270.6,1294.9,1293.15,609548.0,7894.98
2018-03-09,1300.0,1328.4,1281.0,1300.0,1306.55,805817.0,10550.82
2018-03-12,1316.1,1336.7,1308.1,1314.0,1315.65,524560.0,6934.55
2018-03-13,1312.5,1344.8,1312.0,1339.1,1337.9,529862.0,7044.58
2018-03-14,1336.0,1363.9,1327.0,1342.0,1345.2,743796.0,10034.19
2018-03-15,1341.0,1367.0,1335.0,1360.05,1359.8,630902.0,8556.38
2018-03-16,1359.8,1377.85,1347.85,1366.85,1365.8,1177277.0,16046.01
2018-03-19,1368.0,1385.0,1328.0,1341.0,1342.55,862762.0,11677.54
2018-03-20,1330.0,1350.0,1262.0,1345.05,1346.5,754220.0,10030.56
2018-03-21,1350.0,1354.85,1331.55,1339.0,1339.6,485353.0,6519.12
2018-03-22,1340.0,1345.7,1311.05,1320.1,1320.45,501773.0,6658.92
2018-03-23,1297.7,1299.75,1275.75,1278.0,1281.1,521909.0,6717.99
2018-03-26,1288.0,1352.0,1282.5,1335.0,1341.45,841975.0,11116.68
2018-03-27,1351.95,1366.0,1345.05,1353.0,1355.2,502854.0,6821.43
2018-03-28,1345.0,1350.0,1310.0,1312.0,1324.8,597115.0,7946.6
2018-04-02,1328.8,1393.0,1326.35,1345.0,1357.3,1129225.0,15376.12
2018-04-03,1336.7,1371.4,1332.65,1364.5,1364.3,543718.0,7380.98
2018-04-04,1369.3,1385.2,1350.0,1362.15,1359.15,682255.0,9339.68
2018-04-05,1377.8,1410.0,1371.3,1401.0,1401.3,1261502.0,17617.11
2018-04-06,1400.0,1424.0,1385.0,1417.05,1419.85,966666.0,13633.16
2018-04-09,1412.0,1444.4,1412.0,1440.0,1440.5,698935.0,10005.12
2018-04-10,1445.5,1494.8,1445.5,1487.7,1488.85,1451168.0,21426.45
2018-04-11,1500.0,1514.0,1465.0,1470.0,1473.0,1015133.0,15092.55
2018-04-12,1470.1,1487.3,1460.1,1469.0,1471.25,543880.0,8014.73
2018-04-13,1471.15,1489.8,1465.0,1469.8,1469.1,428624.0,6330.86
2018-04-16,1461.05,1485.0,1460.0,1484.9,1481.4,410782.0,6067.49
2018-04-17,1490.05,1518.3,1482.0,1494.25,1506.8,960273.0,14397.15
2018-04-18,1498.0,1508.0,1485.25,1494.0,1492.65,434205.0,6505.42
2018-04-19,1498.45,1500.0,1483.25,1487.0,1488.65,272360.0,4059.12
2018-04-20,1482.5,1491.0,1468.0,1475.45,1475.4,259880.0,3838.41
2018-04-23,1475.0,1496.4,1475.0,1489.5,1489.5,374689.0,5575.25
2018-04-24,1494.4,1496.5,1473.1,1474.0,1475.75,354315.0,5244.12
2018-04-25,1472.85,1499.9,1466.1,1478.0,1480.25,590984.0,8785.97
2018-04-26,1483.0,1491.3,1468.0,1473.9,1474.35,780443.0,11519.29
2018-04-27,1487.8,1495.75,1478.3,1483.7,1483.0,535094.0,7954.61
2018-04-30,1493.0,1534.6,1485.9,1489.7,1490.65,1364434.0,20553.42
2018-05-02,1500.1,1509.7,1489.0,1498.0,1495.85,428795.0,6424.91
2018-05-03,1495.0,1504.0,1475.1,1490.0,1492.3,451392.0,6733.79
2018-05-04,1492.0,1499.65,1480.35,1487.95,1486.8,429322.0,6400.24
2018-05-07,1460.0,1484.85,1436.05,1464.25,1465.0,1502803.0,21934.47
2018-05-08,1478.0,1479.7,1455.0,1466.0,1467.15,325900.0,4786.63
2018-05-09,1466.0,1466.0,1444.0,1446.5,1447.75,452921.0,6576.67
2018-05-10,1445.0,1479.0,1401.7,1452.0,1456.45,1369236.0,19725.87
2018-05-11,1458.0,1495.95,1446.5,1456.0,1453.9,658025.0,9668.27
2018-05-14,1461.2,1473.0,1416.0,1423.85,1425.2,502361.0,7253.35
2018-05-15,1434.9,1518.8,1434.0,1489.0,1485.45,2769439.0,41327.72
2018-05-16,1481.0,1500.0,1477.0,1494.95,1494.95,1382741.0,20659.33
2018-05-17,1502.5,1513.0,1487.0,1495.0,1495.0,1065330.0,15943.51
2018-05-18,1495.0,1503.0,1375.95,1419.5,1417.2,3111215.0,44627.15
2018-05-21,1414.0,1414.0,1333.1,1356.0,1345.45,1891905.0,25701.21
2018-05-22,1345.35,1398.0,1345.35,1384.0,1380.55,1443420.0,19870.41
2018-05-23,1390.0,1399.95,1347.2,1355.0,1358.75,1200347.0,16383.03
2018-05-24,1357.0,1450.0,1344.95,1423.0,1409.9,3580799.0,50321.64
2018-05-25,1427.9,1506.0,1420.0,1502.0,1497.55,3256787.0,48100.52
2018-05-28,1507.0,1530.0,1500.0,1530.0,1528.9,1945468.0,29638.68
2018-05-29,1534.9,1553.95,1490.0,1544.0,1544.05,1145537.0,17471.46
2018-05-30,1544.0,1571.7,1544.0,1565.5,1565.95,1763571.0,27471.06
2018-05-31,1574.7,1611.0,1506.5,1530.0,1572.15,14993077.0,235478.83
2018-06-01,1538.7,1563.0,1522.5,1530.9,1531.1,1002870.0,15461.31
2018-06-04,1534.05,1544.4,1482.4,1483.5,1486.4,1084158.0,16320.03
2018-06-05,1483.4,1499.0,1426.15,1452.05,1453.75,1286074.0,18885.13
2018-06-06,1461.8,1530.0,1434.6,1528.5,1519.55,1161863.0,17384.04
2018-06-07,1530.0,1562.0,1529.05,1557.65,1555.55,557719.0,8645.23
2018-06-08,1547.0,1599.0,1535.0,1595.1,1593.55,1045556.0,16491.03
2018-06-11,1601.0,1618.8,1584.0,1591.0,1594.4,846296.0,13560.0
2018-06-12,1600.0,1610.0,1591.0,1606.2,1607.95,555328.0,8913.75
2018-06-13,1610.0,1623.0,1588.3,1598.5,1595.85,377920.0,6055.42
2018-06-14,1592.0,1595.0,1559.0,1564.7,1568.5,600354.0,9449.94
2018-06-15,1551.8,1554.7,1527.1,1531.0,1535.35,758011.0,11666.35
2018-06-18,1515.0,1546.5,1502.0,1521.1,1523.65,577068.0,8812.07
2018-06-19,1517.0,1524.8,1480.35,1483.0,1485.05,627824.0,9409.28
2018-06-20,1488.15,1501.2,1474.0,1475.0,1483.75,367314.0,5477.03
2018-06-21,1487.0,1514.9,1476.0,1490.25,1490.35,660901.0,9889.42
2018-06-22,1496.0,1504.7,1486.05,1492.0,1494.25,355963.0,5322.13
2018-06-25,1490.8,1503.0,1475.5,1478.45,1480.5,335682.0,4998.16
2018-06-26,1480.0,1489.0,1462.1,1467.0,1468.25,292299.0,4320.91
2018-06-27,1469.7,1486.0,1428.1,1451.0,1452.5,448860.0,6550.06
2018-06-28,1455.8,1458.1,1420.0,1429.1,1435.45,431454.0,6191.67
2018-06-29,1438.6,1495.4,1438.6,1487.0,1485.4,612439.0,9023.02
2018-07-02,1495.95,1549.0,1495.95,1528.15,1525.9,916601.0,13969.13
2018-07-03,1531.65,1539.95,1505.5,1518.0,1521.95,353842.0,5396.56
2018-07-04,1523.7,1557.95,1523.0,1543.0,1538.3,749317.0,11568.37
2018-07-05,1549.0,1561.0,1536.55,1545.05,1546.45,547315.0,8473.11
2018-07-06,1547.0,1580.0,1544.4,1571.5,1568.25,782281.0,12277.72
2018-07-09,1578.1,1588.0,1550.0,1568.0,1563.85,428715.0,6701.08
2018-07-10,1578.4,1603.0,1572.2,1596.1,1598.1,579803.0,9241.3
2018-07-11,1596.7,1603.7,1587.65,1599.0,1595.95,440488.0,7024.38
2018-07-12,1601.0,1606.0,1580.1,1584.95,1587.75,229303.0,3647.85
2018-07-13,1591.0,1591.4,1551.9,1576.05,1576.0,335696.0,5262.9
2018-07-16,1575.9,1576.0,1542.0,1547.0,1548.05,202405.0,3151.33
2018-07-17,1547.0,1574.95,1542.1,1560.0,1561.65,285037.0,4448.51
2018-07-18,1565.1,1574.9,1531.0,1551.05,1551.8,307206.0,4769.09
2018-07-19,1552.0,1559.4,1512.7,1523.0,1522.0,302530.0,4636.02
2018-07-20,1526.5,1538.0,1506.0,1516.0,1521.5,284746.0,4335.76
2018-07-23,1523.8,1558.0,1523.0,1528.0,1531.6,468235.0,7204.78
2018-07-24,1540.0,1584.95,1535.0,1564.9,1571.65,730751.0,11464.6
2018-07-25,1577.0,1589.7,1557.05,1562.0,1563.05,295399.0,4641.77
2018-07-26,1566.0,1569.65,1540.0,1560.0,1556.6,276066.0,4287.71
2018-07-27,1564.0,1572.0,1552.0,1565.85,1566.7,204509.0,3199.16
2018-07-30,1573.3,1599.8,1562.05,1598.0,1594.85,624318.0,9887.24
2018-07-31,1625.0,1664.55,1625.0,1653.6,1654.9,1614643.0,26617.65
2018-08-01,1655.0,1675.0,1641.5,1674.65,1669.7,709222.0,11780.39
2018-08-02,1676.0,1680.0,1635.0,1655.0,1656.35,368789.0,6117.98
2018-08-03,1664.0,1666.7,1643.35,1646.0,1650.75,244485.0,4043.94
2018-08-06,1657.8,1657.8,1626.3,1632.0,1635.55,266378.0,4359.7
2018-08-07,1636.0,1642.0,1620.05,1622.5,1624.85,202687.0,3302.22
2018-08-08,1626.0,1643.3,1615.0,1618.7,1627.85,322416.0,5250.76
2018-08-09,1633.8,1639.8,1609.0,1611.1,1613.2,537932.0,8712.3
2018-08-10,1613.0,1628.0,1586.65,1590.9,1589.4,430515.0,6923.22
2018-08-13,1587.9,1587.9,1556.0,1563.95,1566.05,286536.0,4500.96
2018-08-14,1570.8,1597.2,1560.0,1575.0,1571.6,393448.0,6220.83
2018-08-16,1570.0,1584.4,1561.0,1567.95,1563.55,312923.0,4914.68
2018-08-17,1568.0,1634.4,1564.7,1631.0,1616.7,924064.0,14810.29
2018-08-20,1640.0,1640.0,1598.0,1605.0,1614.15,352913.0,5724.2
2018-08-21,1599.0,1599.9,1581.25,1589.9,1587.5,281703.0,4483.31
2018-08-23,1591.4,1599.95,1551.0,1554.0,1554.85,502323.0,7870.2
2018-08-24,1560.0,1583.9,1551.6,1560.0,1559.7,419647.0,6584.11
2018-08-27,1569.0,1608.0,1561.0,1581.9,1588.1,829800.0,13193.75
2018-08-28,1589.0,1598.0,1578.0,1592.0,1592.45,319442.0,5082.08
2018-08-29,1592.0,1623.0,1575.1,1596.0,1603.1,1145849.0,18333.45
2018-08-30,1602.0,1602.0,1582.5,1591.8,1591.8,268281.0,4270.54
2018-08-31,1591.9,1614.9,1585.25,1604.85,1604.5,428424.0,6862.35
2018-09-03,1613.4,1620.0,1590.0,1593.0,1604.65,507075.0,8152.33
2018-09-04,1595.0,1599.7,1565.0,1573.4,1573.4,298697.0,4722.03
2018-09-05,1569.0,1586.95,1549.0,1564.5,1564.3,322821.0,5051.21
2018-09-06,1564.0,1579.45,1542.95,1570.0,1560.5,395596.0,6165.81
2018-09-07,1570.0,1590.0,1555.0,1558.0,1561.2,429987.0,6753.16
2018-09-10,1558.0,1573.75,1434.0,1519.0,1526.4,397261.0,6113.28
2018-09-11,1525.0,1548.9,1501.0,1509.25,1506.8,490228.0,7436.26
2018-09-12,1509.0,1539.0,1490.95,1523.0,1522.6,334489.0,5070.86
2018-09-14,1533.0,1548.95,1516.6,1537.0,1535.15,338650.0,5183.8
2018-09-17,1534.0,1541.5,1512.0,1523.5,1524.8,225106.0,3435.3
2018-09-18,1525.0,1549.9,1520.5,1533.9,1534.7,325924.0,5001.94
2018-09-19,1540.0,1544.45,1502.0,1515.0,1515.15,311397.0,4734.0
2018-09-21,1526.9,1530.15,1429.0,1512.0,1501.85,706967.0,10548.76
2018-09-24,1505.0,1509.95,1445.6,1448.6,1450.75,384113.0,5617.66
2018-09-25,1450.75,1458.5,1415.0,1433.0,1427.15,451227.0,6465.68
2018-09-26,1460.0,1460.0,1415.0,1415.1,1420.8,298196.0,4274.68
2018-09-27,1422.0,1439.8,1381.0,1411.05,1404.75,325965.0,4596.07
2018-09-28,1407.0,1424.85,1340.25,1396.0,1395.95,501111.0,6915.07
2018-10-01,1390.0,1390.0,1320.0,1342.75,1348.75,613637.0,8283.16
2018-10-03,1340.0,1360.9,1288.0,1289.0,1301.4,535074.0,7107.9
2018-10-04,1275.0,1370.0,1240.2,1350.0,1346.35,1569172.0,20381.95
2018-10-05,1348.9,1392.7,1311.25,1318.9,1331.2,564118.0,7640.45
2018-10-08,1332.0,1346.7,1280.2,1300.55,1304.9,557430.0,7339.17
2018-10-09,1305.0,1385.0,1283.1,1376.0,1372.5,686111.0,9197.17
2018-10-10,1365.0,1385.95,1356.4,1371.65,1374.4,581933.0,7994.87
2018-10-11,1343.0,1368.0,1300.0,1325.4,1326.1,479252.0,6411.75
2018-10-12,1345.0,1421.0,1341.0,1414.9,1411.7,899147.0,12462.28
2018-10-15,1334.8,1359.0,1306.15,1323.7,1329.75,2056672.0,27382.38
2018-10-16,1330.0,1347.95,1325.0,1334.0,1336.95,678083.0,9054.57
2018-10-17,1344.9,1354.0,1300.0,1304.0,1308.65,549534.0,7312.06
2018-10-19,1300.0,1300.3,1226.0,1231.0,1234.25,843104.0,10570.37
2018-10-22,1240.0,1250.0,1181.7,1189.95,1191.8,519494.0,6293.62
2018-10-23,1180.0,1183.95,1125.75,1136.0,1133.7,1028808.0,11787.69
2018-10-24,1150.0,1179.0,1142.55,1174.9,1168.25,803320.0,9368.04
2018-10-25,1155.0,1209.0,1143.1,1195.05,1187.1,698215.0,8294.49
2018-10-26,1190.0,1264.0,1165.0,1228.0,1226.6,1177435.0,14461.44
2018-10-29,1234.25,1299.0,1234.25,1293.0,1291.25,894762.0,11437.28
2018-10-30,1295.7,1325.0,1266.05,1270.0,1273.6,729259.0,9471.25
2018-10-31,1279.0,1353.9,1263.05,1342.8,1337.95,941962.0,12354.46
2018-11-01,1348.7,1389.0,1346.2,1370.0,1366.1,706506.0,9668.99
2018-11-02,1379.9,1482.8,1368.0,1478.5,1462.5,1761020.0,25254.79
2018-11-05,1477.95,1489.7,1425.25,1434.15,1436.05,656129.0,9578.5
2018-11-06,1438.0,1464.35,1403.4,1417.7,1424.0,600576.0,8628.48
2018-11-07,1426.0,1430.0,1417.7,1426.4,1425.15,109342.0,1559.02
2018-11-09,1429.45,1431.8,1385.0,1394.5,1396.75,375206.0,5267.22
2018-11-12,1407.0,1425.0,1385.5,1389.9,1391.75,379336.0,5340.41
2018-11-13,1389.9,1389.9,1366.1,1372.0,1374.35,293907.0,4045.79
2018-11-14,1378.0,1388.8,1362.0,1380.1,1380.7,382779.0,5269.22
2018-11-15,1387.0,1397.0,1377.5,1387.0,1388.45,255567.0,3544.46
2018-11-16,1396.4,1419.45,1375.1,1389.95,1387.9,379929.0,5309.22
2018-11-19,1399.9,1421.9,1378.7,1412.05,1412.55,289799.0,4066.5
2018-11-20,1412.0,1437.4,1397.65,1404.85,1412.5,577012.0,8189.62
2018-11-21,1415.0,1428.95,1405.0,1421.0,1421.35,233850.0,3316.9
2018-11-22,1426.7,1433.7,1398.1,1408.1,1410.9,193674.0,2739.38
2018-11-26,1417.0,1423.45,1379.0,1397.9,1393.7,312965.0,4372.3
2018-11-27,1397.0,1409.75,1391.1,1403.0,1404.95,191458.0,2685.89
2018-11-28,1406.0,1450.0,1397.9,1441.0,1443.7,515172.0,7373.48
2018-11-29,1451.4,1456.7,1430.95,1437.0,1438.1,311543.0,4507.18
2018-11-30,1438.0,1500.0,1438.0,1487.0,1492.5,1360732.0,20084.01
2018-12-03,1504.9,1508.9,1473.0,1476.55,1477.45,349961.0,5193.65
2018-12-04,1477.0,1495.0,1475.0,1485.0,1485.7,342761.0,5098.76
2018-12-05,1484.0,1508.9,1475.15,1504.95,1502.55,580513.0,8710.9
2018-12-06,1494.75,1500.0,1480.0,1492.0,1496.65,282216.0,4213.43
2018-12-07,1503.0,1520.85,1497.1,1514.0,1513.15,399271.0,6038.96
2018-12-10,1500.0,1518.75,1486.85,1509.85,1510.2,415922.0,6274.92
2018-12-11,1499.7,1550.0,1491.3,1550.0,1546.5,564455.0,8643.98
2018-12-12,1550.0,1579.5,1547.0,1557.0,1559.75,445859.0,6996.15
2018-12-13,1560.0,1589.0,1560.0,1581.0,1582.9,348310.0,5502.35
2018-12-14,1584.0,1600.0,1574.0,1597.0,1594.5,442205.0,7045.4
2018-12-17,1596.0,1620.0,1595.1,1619.0,1616.25,398973.0,6428.02
2018-12-18,1619.0,1685.0,1616.5,1681.2,1668.15,886105.0,14593.89
2018-12-19,1685.1,1698.7,1630.3,1648.9,1650.6,796991.0,13241.55
2018-12-20,1646.0,1657.0,1625.05,1640.0,1646.1,252150.0,4139.46
2018-12-21,1645.0,1656.75,1600.0,1612.25,1648.1,2968587.0,48825.68
2018-12-24,1612.25,1622.6,1528.0,1539.9,1545.75,647211.0,10194.25
2018-12-26,1534.7,1562.9,1501.3,1554.0,1554.85,544718.0,8363.23
2018-12-27,1565.0,1578.0,1558.05,1571.0,1570.15,260792.0,4092.47
2018-12-28,1580.0,1669.5,1574.0,1656.0,1654.95,1053408.0,17156.48
2018-12-31,1660.0,1678.55,1595.0,1605.7,1606.65,1175518.0,19134.34
2019-01-01,1610.0,1620.75,1586.05,1590.0,1590.75,542359.0,8663.93
2019-01-02,1589.4,1591.95,1551.3,1565.0,1560.25,397366.0,6252.45
2019-01-03,1567.6,1593.3,1555.5,1582.0,1575.9,516324.0,8137.23
2019-01-04,1583.0,1585.7,1561.05,1575.9,1577.75,295889.0,4659.38
